Period Ending,Country,CLDR Territory Code,All Requests: Number of Requests,All Requests: % Fully Or Partially Complied With,All Requests: Items Requested To Be Removed,Court Orders: Number of Requests,Court Orders: % Fully Or Partially Complied With,Court Orders: Items Requested To Be Removed,"Other Requests (Executive, Police, etc.): Number of Requests","Other Requests (Executive, Police, etc.): % Fully Or Partially Complied With","Other Requests (Executive, Police, etc.): Items Requested To Be Removed"
12/31/2009,Argentina,AR,42,88,,41,,,1,,
12/31/2009,Armenia,AM,<10,0,,,,,,,
12/31/2009,Australia,AU,17,53,,,,,17,,
12/31/2009,Austria,AT,<10,60,,,,,,,
12/31/2009,Belgium,BE,<10,0,,,,,,,
12/31/2009,Brazil,BR,291,82,,165,,,126,,
12/31/2009,Cambodia,KH,<10,0,,,,,,,
12/31/2009,Canada,CA,16,44,,2,,,14,,
12/31/2009,China,CN,?,?,,,,,,,
12/31/2009,Colombia,CO,<10,0,,,,,,,
12/31/2009,Estonia,EE,<10,100,,,,,,,
12/31/2009,Finland,FI,<10,50,,,,,,,
12/31/2009,France,FR,<10,67,,,,,,,
12/31/2009,Germany,DE,188,94,,109,,,79,,
12/31/2009,India,IN,142,77,,1,,,141,,
12/31/2009,Indonesia,ID,<10,100,,,,,,,
12/31/2009,Ireland,IE,<10,50,,,,,,,
12/31/2009,Israel,IL,<10,20,,,,,,,
12/31/2009,Italy,IT,57,75,,16,,,41,,
12/31/2009,Japan,JP,<10,50,,,,,,,
12/31/2009,Liechtenstein,LI,<10,100,,,,,,,
12/31/2009,Lithuania,LT,<10,0,,,,,,,
12/31/2009,Macedonia [FYROM],MK,<10,0,,,,,,,
12/31/2009,Malaysia,MY,<10,0,,,,,,,
12/31/2009,Malta,MT,<10,100,,,,,,,
12/31/2009,Mexico,MX,<10,33,,,,,,,
12/31/2009,Netherlands,NL,<10,80,,,,,,,
12/31/2009,New Zealand,NZ,<10,0,,,,,,,
12/31/2009,Norway,NO,<10,75,,,,,,,
12/31/2009,Pakistan,PK,<10,0,,,,,,,
12/31/2009,Peru,PE,<10,0,,,,,,,
12/31/2009,Russia,RU,<10,100,,,,,,,
12/31/2009,Singapore,SG,<10,50,,,,,,,
12/31/2009,Slovenia,SI,<10,100,,,,,,,
12/31/2009,South Korea,KR,64,89,,,,,64,,
12/31/2009,Spain,ES,32,53,,8,,,24,,
12/31/2009,Sweden,SE,<10,0,,,,,,,
12/31/2009,Switzerland,CH,<10,89,,,,,,,
12/31/2009,Taiwan,TW,<10,50,,,,,,,
12/31/2009,Thailand,TH,<10,100,,,,,,,
12/31/2009,Turkey,TR,<10,67,,,,,,,
12/31/2009,United Kingdom,GB,59,76,,10,,,49,,
12/31/2009,United States,US,123,80,,44,,,79,,
6/30/2010,Argentina,AR,12,83,75,12,,,,,
6/30/2010,Australia,AU,14,93,639,10,,,4,,
6/30/2010,Austria,AT,2,100,143,2,,,,,
6/30/2010,Belgium,BE,<10,100,<10,,,,,,
6/30/2010,Brazil,BR,398,68,19806,177,,,221,,
6/30/2010,Canada,CA,<10,88,<10,,,,,,
6/30/2010,China,CN,?,?,?,,,,,,
6/30/2010,Cyprus,CY,<10,0,<10,,,,,,
6/30/2010,France,FR,25,100,36,14,,,11,,
6/30/2010,Germany,DE,124,94,1407,77,,,47,,
6/30/2010,Greece,GR,<10,100,<10,,,,,,
6/30/2010,Hong Kong,HK,<10,100,<10,,,,,,
6/30/2010,India,IN,30,53,125,8,,,22,,
6/30/2010,Israel,IL,4,75,15,3,,,1,,
6/30/2010,Italy,IT,69,97,1655,31,,,38,,
6/30/2010,Japan,JP,7,100,31,7,,,,,
6/30/2010,Kazakhstan,KZ,<10,0,<10,,,,,,
6/30/2010,Libya,LY,149,70,1177,,,,149,,
6/30/2010,Macedonia [FYROM],MK,<10,0,<10,,,,,,
6/30/2010,Malta,MT,<10,33,<10,,,,,,
6/30/2010,Mexico,MX,<10,0,<10,,,,,,
6/30/2010,Netherlands,NL,<10,100,<10,,,,,,
6/30/2010,New Zealand,NZ,<10,83,<10,,,,,,
6/30/2010,Norway,NO,<10,100,<10,,,,,,
6/30/2010,Portugal,PT,<10,100,<10,,,,,,
6/30/2010,Puerto Rico,PR,<10,100,<10,,,,,,
6/30/2010,Russia,RU,<10,0,<10,,,,,,
6/30/2010,Solomon Islands,SB,<10,100,<10,,,,,,
6/30/2010,South Korea,KR,94,100,15549,,,,94,,
6/30/2010,Spain,ES,56,27,78,12,,,44,,
6/30/2010,Sweden,SE,<10,0,<10,,,,,,
6/30/2010,Switzerland,CH,5,80,33,4,,,1,,
6/30/2010,Taiwan,TW,11,0,12,,,,11,,
6/30/2010,Turkey,TR,5,100,81,5,,,,,
6/30/2010,United Kingdom,GB,48,63,232,19,,,29,,
6/30/2010,United States,US,128,83,678,80,,,48,,
12/31/2010,Argentina,AR,22,100,76,21,100,75,1,100,1
12/31/2010,Australia,AU,5,80,7,,,,5,80,7
12/31/2010,Belgium,BE,1,0,1,,,,1,0,1
12/31/2010,Brazil,BR,263,76,12363,146,97,12042,117,50,321
12/31/2010,Canada,CA,7,86,23,7,86,23,,,
12/31/2010,Croatia,HR,1,100,1,,,,1,100,1
12/31/2010,Denmark,DK,1,100,2,,,,1,100,2
12/31/2010,France,FR,23,96,116,17,100,108,6,83,8
12/31/2010,Germany,DE,118,97,1932,72,100,1405,46,91,527
12/31/2010,Greece,GR,1,100,1,,,,1,100,1
12/31/2010,Hong Kong,HK,1,100,4,,,,1,100,4
12/31/2010,India,IN,67,22,282,6,83,9,61,16,273
12/31/2010,Italy,IT,49,100,131,31,100,86,18,100,45
12/31/2010,Japan,JP,26,50,38,11,100,12,15,13,26
12/31/2010,Libya,LY,68,31,203,,,,68,31,203
12/31/2010,Malaysia,MY,2,50,2,,,,2,50,2
12/31/2010,Malta,MT,1,0,2,,,,1,0,2
12/31/2010,Mexico,MX,2,0,7,1,0,2,1,0,5
12/31/2010,Netherlands,NL,4,100,5,1,100,1,3,100,4
12/31/2010,New Zealand,NZ,3,100,3,2,100,2,1,100,1
12/31/2010,Norway,NO,1,0,3,,,,1,0,3
12/31/2010,Pakistan,PK,2,0,2,,,,2,0,2
12/31/2010,Panama,PA,1,100,1,1,100,1,,,
12/31/2010,Russia,RU,1,100,10,,,,1,100,10
12/31/2010,Singapore,SG,1,0,1,,,,1,0,1
12/31/2010,South Korea,KR,139,100,32152,7,100,14,132,100,32138
12/31/2010,Spain,ES,34,38,67,12,100,32,22,5,35
12/31/2010,Switzerland,CH,4,100,18,4,100,18,,,
12/31/2010,Taiwan,TW,4,25,4,,,,4,25,4
12/31/2010,Thailand,TH,1,100,43,,,,1,100,43
12/31/2010,Turkey,TR,6,100,19,6,100,19,,,
12/31/2010,United Kingdom,GB,38,89,93518,18,100,117,20,80,93401
12/31/2010,United States,US,54,87,1421,39,97,1381,15,60,40
12/31/2010,Vietnam,VN,1,0,1,1,0,1,,,
6/30/2011,Argentina,AR,21,100,59,20,100,55,1,100,4
6/30/2011,Australia,AU,10,40,10,2,0,2,8,50,8
6/30/2011,Belgium,BE,5,100,7,2,100,2,3,100,5
6/30/2011,Brazil,BR,224,67,692,140,93,445,84,25,247
6/30/2011,Canada,CA,9,56,13,3,100,6,6,33,7
6/30/2011,China,CN,3,67,121,,,,3,67,121
6/30/2011,Colombia,CO,1,0,1,,,,1,0,1
6/30/2011,Cook Islands,CK,2,100,2,2,100,2,,,
6/30/2011,Denmark,DK,1,100,1,,,,1,100,1
6/30/2011,France,FR,9,78,250,8,88,248,1,0,2
6/30/2011,Germany,DE,125,86,2405,77,95,1842,48,73,563
6/30/2011,Greece,GR,1,100,2,1,100,2,,,
6/30/2011,India,IN,68,51,360,3,67,13,65,51,347
6/30/2011,Indonesia,ID,1,0,1,,,,1,0,1
6/30/2011,Ireland,IE,1,0,1,,,,1,0,1
6/30/2011,Israel,IL,4,25,4,3,33,3,1,0,1
6/30/2011,Italy,IT,37,84,81,25,92,57,12,67,24
6/30/2011,Libya,LY,2,0,5,,,,2,0,5
6/30/2011,Malaysia,MY,1,0,1,,,,1,0,1
6/30/2011,Netherlands,NL,4,100,16,2,100,14,2,100,2
6/30/2011,New Zealand,NZ,5,60,7,1,0,1,4,75,6
6/30/2011,Norway,NO,2,100,1814,,,,2,100,1814
6/30/2011,Pakistan,PK,1,0,1,1,0,1,,,
6/30/2011,Poland,PL,3,67,72,1,100,1,2,50,71
6/30/2011,Portugal,PT,6,83,9,4,100,6,2,50,3
6/30/2011,Russia,RU,4,75,5,,,,4,75,5
6/30/2011,South Korea,KR,88,84,646,,,,88,84,646
6/30/2011,Spain,ES,39,18,58,4,100,8,35,9,50
6/30/2011,Sri Lanka,LK,1,100,1,1,100,1,,,
6/30/2011,Sweden,SE,1,100,2,,,,1,100,2
6/30/2011,Switzerland,CH,3,100,5,3,100,5,,,
6/30/2011,Taiwan,TW,69,12,115,5,20,5,64,11,110
6/30/2011,Thailand,TH,2,100,225,,,,2,100,225
6/30/2011,Turkey,TR,40,73,269,12,58,47,28,79,222
6/30/2011,United Kingdom,GB,65,82,333,12,75,117,53,83,216
6/30/2011,United States,US,92,63,757,55,75,653,37,46,104
12/31/2011,Argentina,AR,46,96,266,39,97,247,7,86,19
12/31/2011,Australia,AU,17,35,646,6,17,633,11,45,13
12/31/2011,Austria,AT,4,100,22,4,100,22,,,
12/31/2011,Belgium,BE,11,73,15,1,100,4,10,70,11
12/31/2011,Bolivia,BO,1,100,1,1,100,1,,,
12/31/2011,Brazil,BR,194,54,554,128,69,397,66,26,157
12/31/2011,Canada,CA,19,63,162,4,50,137,15,67,25
12/31/2011,Colombia,CO,4,50,4,,,,4,50,4
12/31/2011,Cook Islands,CK,1,100,10,1,100,10,,,
12/31/2011,Cyprus,CY,3,33,4,,,,3,33,4
12/31/2011,Czech Republic,CZ,1,0,1,,,,1,0,1
12/31/2011,Denmark,DK,1,0,1,,,,1,0,1
12/31/2011,France,FR,32,56,87,13,69,48,19,47,39
12/31/2011,Germany,DE,103,77,1722,60,80,1304,43,72,418
12/31/2011,India,IN,101,29,255,5,80,9,96,26,246
12/31/2011,Indonesia,ID,1,0,1,1,0,1,,,
12/31/2011,Israel,IL,5,20,79,2,0,2,3,33,77
12/31/2011,Italy,IT,28,64,96,20,70,45,8,50,51
12/31/2011,Japan,JP,7,29,24,4,50,20,3,0,4
12/31/2011,Jordan,JO,1,0,1,,,,1,0,1
12/31/2011,Kazakhstan,KZ,1,100,2,,,,1,100,2
12/31/2011,Macedonia [FYROM],MK,2,0,2,,,,2,0,2
12/31/2011,Malaysia,MY,1,100,1,,,,1,100,1
12/31/2011,Malta,MT,2,0,3,,,,2,0,3
12/31/2011,Mexico,MX,2,0,2,,,,2,0,2
12/31/2011,Netherlands,NL,2,50,2,1,100,1,1,0,1
12/31/2011,New Zealand,NZ,1,100,3,1,100,3,,,
12/31/2011,Norway,NO,3,67,23,1,100,10,2,50,13
12/31/2011,Pakistan,PK,2,50,15,,,,2,50,15
12/31/2011,Panama,PA,1,0,1,,,,1,0,1
12/31/2011,Poland,PL,2,0,10,,,,2,0,10
12/31/2011,Portugal,PT,3,100,9,3,100,9,,,
12/31/2011,Russia,RU,4,25,4,1,0,1,3,33,3
12/31/2011,Singapore,SG,1,0,2,1,0,2,,,
12/31/2011,Slovenia,SI,1,0,3,,,,1,0,3
12/31/2011,South Korea,KR,99,81,266,,,,99,81,266
12/31/2011,Spain,ES,43,37,307,18,78,24,25,8,283
12/31/2011,Sweden,SE,1,100,2,1,100,2,,,
12/31/2011,Switzerland,CH,8,100,66,7,100,65,1,100,1
12/31/2011,Taiwan,TW,8,0,27,,,,8,0,27
12/31/2011,Thailand,TH,4,100,149,,,,4,100,149
12/31/2011,Turkey,TR,45,56,174,22,64,104,23,48,70
12/31/2011,Ukraine,UA,2,100,8,2,100,8,,,
12/31/2011,United Kingdom,GB,49,55,847,12,58,97,37,54,750
12/31/2011,United States,US,187,42,6192,117,40,3851,70,44,2341
6/30/2012,Argentina,AR,24,83,210,21,90,200,3,33,10
6/30/2012,Australia,AU,13,15,92,5,0,80,8,25,12
6/30/2012,Austria,AT,2,100,10,2,100,10,,,
6/30/2012,Azerbaijan,AZ,2,0,2,1,0,1,1,0,1
6/30/2012,Belgium,BE,10,60,13,,,,10,60,13
6/30/2012,Bosnia and Herzegovina,BA,1,0,1,1,0,1,,,
6/30/2012,Brazil,BR,191,55,2310,143,70,2220,48,10,90
6/30/2012,Canada,CA,33,58,207,16,81,179,17,35,28
6/30/2012,China,CN,1,0,1,,,,1,0,1
6/30/2012,Cook Islands,CK,1,100,1,1,100,1,,,
6/30/2012,Cyprus,CY,1,100,1,,,,1,100,1
6/30/2012,France,FR,73,73,1251,38,84,1192,35,60,59
6/30/2012,Germany,DE,247,81,1903,180,82,1050,67,78,853
6/30/2012,Greece,GR,3,33,9,1,0,7,2,50,2
6/30/2012,Hong Kong,HK,1,0,370,,,,1,0,370
6/30/2012,Hungary,HU,2,0,2,,,,2,0,2
6/30/2012,India,IN,84,33,596,20,65,487,64,23,109
6/30/2012,Indonesia,ID,3,100,7,,,,3,100,7
6/30/2012,Ireland,IE,1,0,1,,,,1,0,1
6/30/2012,Israel,IL,4,50,7,3,67,6,1,0,1
6/30/2012,Italy,IT,25,68,274,18,83,220,7,29,54
6/30/2012,Japan,JP,16,25,116,14,29,110,2,0,6
6/30/2012,Kazakhstan,KZ,2,50,17,,,,2,50,17
6/30/2012,Lithuania,LT,1,0,6,,,,1,0,6
6/30/2012,Macedonia [FYROM],MK,1,0,1,,,,1,0,1
6/30/2012,Malaysia,MY,2,50,2,,,,2,50,2
6/30/2012,Malta,MT,4,25,19,1,0,15,3,33,4
6/30/2012,Mauritius,MU,2,0,2,,,,2,0,2
6/30/2012,Mexico,MX,5,80,5,4,75,4,1,100,1
6/30/2012,Monaco,MC,1,100,5,,,,1,100,5
6/30/2012,Netherlands,NL,10,80,217,7,71,212,3,100,5
6/30/2012,New Zealand,NZ,4,75,15,2,50,13,2,100,2
6/30/2012,Pakistan,PK,4,25,11,2,50,9,2,0,2
6/30/2012,Peru,PE,2,0,7,2,0,7,,,
6/30/2012,Philippines,PH,4,0,8,,,,4,0,8
6/30/2012,Poland,PL,3,67,7,,,,3,67,7
6/30/2012,Portugal,PT,2,0,4,1,0,1,1,0,3
6/30/2012,Russia,RU,6,67,176,2,0,2,4,100,174
6/30/2012,Saudi Arabia,SA,1,0,1,,,,1,0,1
6/30/2012,Singapore,SG,2,50,4,1,0,2,1,100,2
6/30/2012,Slovakia,SK,1,100,2,,,,1,100,2
6/30/2012,Slovenia,SI,2,0,2,2,0,2,,,
6/30/2012,South Africa,ZA,3,100,11,3,100,11,,,
6/30/2012,South Korea,KR,52,56,499,1,100,1,51,55,498
6/30/2012,Spain,ES,69,19,174,17,47,18,52,10,156
6/30/2012,Sweden,SE,2,100,2,,,,2,100,2
6/30/2012,Switzerland,CH,4,50,6,4,50,6,,,
6/30/2012,Taiwan,TW,10,0,15,2,0,6,8,0,9
6/30/2012,Thailand,TH,2,100,14,,,,2,100,14
6/30/2012,Trinidad and Tobago,TT,1,0,10,,,,1,0,10
6/30/2012,Turkey,TR,501,45,2084,48,46,102,453,45,1982
6/30/2012,United Kingdom,GB,97,61,3193,18,56,2989,79,62,204
6/30/2012,United States,US,273,45,4167,209,46,3613,64,44,554
12/31/2012,Argentina,AR,60,82,171,51,96,160,9,0,11
12/31/2012,Australia,AU,16,31,145,6,0,13,10,50,132
12/31/2012,Austria,AT,6,50,130,4,50,128,2,50,2
12/31/2012,Bangladesh,BD,3,0,11,,,,3,0,11
12/31/2012,Belgium,BE,20,65,32,2,100,9,18,61,23
12/31/2012,Brazil,BR,697,21,1731,640,21,1654,57,19,77
12/31/2012,Brunei,BN,1,0,1,,,,1,0,1
12/31/2012,Canada,CA,12,50,292,7,71,285,5,20,7
12/31/2012,Chile,CL,4,50,4,2,100,2,2,0,2
12/31/2012,Colombia,CO,2,0,2,,,,2,0,2
12/31/2012,Croatia,HR,1,0,2,1,0,2,,,
12/31/2012,Cyprus,CY,1,100,1,,,,1,100,1
12/31/2012,Czech Republic,CZ,3,67,11,3,67,11,,,
12/31/2012,Denmark,DK,2,0,19,1,0,17,1,0,2
12/31/2012,Djibouti,DJ,1,0,1,,,,1,0,1
12/31/2012,Dominican Republic,DO,1,0,1,,,,1,0,1
12/31/2012,Egypt,EG,1,0,1,,,,1,0,1
12/31/2012,France,FR,58,69,332,32,78,282,26,58,50
12/31/2012,Germany,DE,231,77,1105,192,78,616,39,72,489
12/31/2012,Greece,GR,6,33,18,2,50,3,4,25,15
12/31/2012,Hungary,HU,3,33,31,2,50,30,1,0,1
12/31/2012,India,IN,160,36,2942,38,53,413,122,30,2529
12/31/2012,Indonesia,ID,3,33,47,,,,3,33,47
12/31/2012,Iran,IR,1,0,4,,,,1,0,4
12/31/2012,Ireland,IE,4,50,11,,,,4,50,11
12/31/2012,Israel,IL,8,38,13,2,100,5,6,17,8
12/31/2012,Italy,IT,27,70,111,23,74,107,4,50,4
12/31/2012,Japan,JP,9,22,91,6,17,78,3,33,13
12/31/2012,Jordan,JO,4,50,233,,,,4,50,233
12/31/2012,Kazakhstan,KZ,2,100,23,,,,2,100,23
12/31/2012,Kenya,KE,1,0,1,1,0,1,,,
12/31/2012,Kosovo,XK,4,0,12,,,,4,0,12
12/31/2012,Lebanon,LB,3,0,3,1,0,1,2,0,2
12/31/2012,Luxembourg,LU,1,100,1,1,100,1,,,
12/31/2012,Macedonia [FYROM],MK,1,0,1,,,,1,0,1
12/31/2012,Madagascar,MG,2,50,2,2,50,2,,,
12/31/2012,Malaysia,MY,12,83,582,,,,12,83,582
12/31/2012,Maldives,MV,1,0,1,,,,1,0,1
12/31/2012,Mexico,MX,11,27,16,2,50,6,9,22,10
12/31/2012,Monaco,MC,1,0,5,1,0,5,,,
12/31/2012,Nepal,NP,1,100,4,,,,1,100,4
12/31/2012,Netherlands,NL,8,88,42,6,83,40,2,100,2
12/31/2012,New Zealand,NZ,7,14,49,4,0,13,3,33,36
12/31/2012,Norway,NO,2,100,5,,,,2,100,5
12/31/2012,Pakistan,PK,2,0,7,1,0,6,1,0,1
12/31/2012,Palestine,PS,1,0,5,1,0,5,,,
12/31/2012,Peru,PE,6,0,11,1,0,1,5,0,10
12/31/2012,Poland,PL,8,25,16,4,50,12,4,0,4
12/31/2012,Portugal,PT,5,60,9,5,60,9,,,
12/31/2012,Russia,RU,114,77,114,3,0,3,111,79,111
12/31/2012,Saudi Arabia,SA,5,80,353,,,,5,80,353
12/31/2012,Sierra Leone,SL,1,0,60,,,,1,0,60
12/31/2012,Singapore,SG,2,50,7,,,,2,50,7
12/31/2012,Slovenia,SI,2,0,4,2,0,4,,,
12/31/2012,South Africa,ZA,3,33,8,3,33,8,,,
12/31/2012,South Korea,KR,56,88,721,,,,56,88,721
12/31/2012,Spain,ES,71,31,189,12,67,17,59,24,172
12/31/2012,Sweden,SE,1,100,1,,,,1,100,1
12/31/2012,Switzerland,CH,12,100,87,11,100,72,1,100,15
12/31/2012,Taiwan,TW,10,10,13,,,,10,10,13
12/31/2012,Timor-Leste,TL,1,0,1,,,,1,0,1
12/31/2012,Turkey,TR,157,55,10038,87,62,8751,70,47,1287
12/31/2012,Ukraine,UA,1,0,1,,,,1,0,1
12/31/2012,United Arab Emirates,AE,4,25,63,1,0,13,3,33,50
12/31/2012,United Kingdom,GB,103,48,286,36,50,101,67,46,185
12/31/2012,United States,US,321,45,3956,262,45,3624,59,46,332
12/31/2012,Venezuela,VE,1,100,1,,,,1,100,1
6/30/2013,Argentina,AR,41,78,1751,35,91,1738,6,0,13
6/30/2013,Armenia,AM,1,0,3,,,,1,0,3
6/30/2013,Australia,AU,19,42,26,5,20,9,14,50,17
6/30/2013,Austria,AT,1,100,2,1,100,2,,,
6/30/2013,Bahrain,BH,1,0,1,,,,1,0,1
6/30/2013,Bangladesh,BD,1,0,4,,,,1,0,4
6/30/2013,Belgium,BE,15,40,134,3,0,10,12,50,124
6/30/2013,Bolivia,BO,1,0,1,,,,1,0,1
6/30/2013,Brazil,BR,321,48,1635,237,46,1416,84,52,219
6/30/2013,Bulgaria,BG,2,0,2,,,,2,0,2
6/30/2013,Canada,CA,28,64,372,18,83,362,10,30,10
6/30/2013,Chile,CL,3,33,4,1,100,1,2,0,3
6/30/2013,China,CN,1,0,38,1,0,38,,,
6/30/2013,Colombia,CO,6,0,12,,,,6,0,12
6/30/2013,Cyprus,CY,2,0,2,,,,2,0,2
6/30/2013,Czech Republic,CZ,3,33,4,3,33,4,,,
6/30/2013,Denmark,DK,3,33,19,2,50,18,1,0,1
6/30/2013,Ecuador,EC,1,100,2,,,,1,100,2
6/30/2013,Egypt,EG,4,100,105,2,100,76,2,100,29
6/30/2013,Europol,EUROPOL,1,100,1,,,,1,100,1
6/30/2013,Finland,FI,2,50,4,,,,2,50,4
6/30/2013,France,FR,105,44,325,57,58,219,48,27,106
6/30/2013,Georgia,GE,1,0,3,,,,1,0,3
6/30/2013,Germany,DE,138,74,910,96,74,797,42,74,113
6/30/2013,Greece,GR,4,25,4,3,33,3,1,0,1
6/30/2013,Guatemala,GT,2,50,2,2,50,2,,,
6/30/2013,Hong Kong,HK,1,0,1,,,,1,0,1
6/30/2013,India,IN,163,20,714,16,38,42,147,18,672
6/30/2013,Indonesia,ID,3,67,49,,,,3,67,49
6/30/2013,INTERPOL,INTERPOL,2,0,2,,,,2,0,2
6/30/2013,Ireland,IE,2,50,2,,,,2,50,2
6/30/2013,Israel,IL,22,59,56,14,64,35,8,50,21
6/30/2013,Italy,IT,33,55,142,27,56,135,6,50,7
6/30/2013,Japan,JP,35,20,70,25,28,58,10,0,12
6/30/2013,Kazakhstan,KZ,3,67,209,,,,3,67,209
6/30/2013,Kuwait,KW,1,100,1,,,,1,100,1
6/30/2013,Malaysia,MY,5,0,10,1,0,1,4,0,9
6/30/2013,Maldives,MV,1,0,1,,,,1,0,1
6/30/2013,Mauritius,MU,1,0,1,1,0,1,,,
6/30/2013,Mexico,MX,12,17,34,1,0,1,11,18,33
6/30/2013,Monaco,MC,5,80,7,3,100,4,2,50,3
6/30/2013,Netherlands,NL,17,76,45,13,77,40,4,75,5
6/30/2013,New Zealand,NZ,7,29,10,4,25,5,3,33,5
6/30/2013,Nicaragua,NI,1,0,1,,,,1,0,1
6/30/2013,Norway,NO,2,0,2,,,,2,0,2
6/30/2013,Pakistan,PK,1,100,1,,,,1,100,1
6/30/2013,Panama,PA,3,0,6,3,0,6,,,
6/30/2013,Peru,PE,11,0,11,3,0,3,8,0,8
6/30/2013,Poland,PL,6,0,8,4,0,6,2,0,2
6/30/2013,Portugal,PT,6,50,30,3,100,27,3,0,3
6/30/2013,Russia,RU,257,66,277,4,25,4,253,67,273
6/30/2013,Saudi Arabia,SA,5,0,5,,,,5,0,5
6/30/2013,Singapore,SG,2,50,6,1,100,5,1,0,1
6/30/2013,South Africa,ZA,6,0,9,5,0,8,1,0,1
6/30/2013,South Korea,KR,65,62,508,,,,65,62,508
6/30/2013,Spain,ES,57,40,106,21,57,45,36,31,61
6/30/2013,Sweden,SE,3,100,3,1,100,1,2,100,2
6/30/2013,Switzerland,CH,50,64,319,49,65,318,1,0,1
6/30/2013,Taiwan,TW,12,8,116,1,0,95,11,9,21
6/30/2013,Thailand,TH,1,0,1,1,0,1,,,
6/30/2013,Togo,TG,1,0,1,,,,1,0,1
6/30/2013,Turkey,TR,1673,17,12162,184,42,9610,1489,13,2552
6/30/2013,United Arab Emirates,AE,1,100,1,,,,1,100,1
6/30/2013,United Kingdom,GB,117,56,556,46,63,368,71,52,188
6/30/2013,United States,US,545,55,3887,438,55,3415,107,57,472
6/30/2013,Venezuela,VE,1,0,1,,,,1,0,1
12/31/2013,Afghanistan,AF,1,100,2,,,,1,100,2
12/31/2013,Argentina,AR,27,41,265,23,43,248,4,25,17
12/31/2013,Australia,AU,19,37,20,10,50,10,9,22,10
12/31/2013,Austria,AT,4,50,8,4,50,8,,,
12/31/2013,Bangladesh,BD,1,100,3,,,,1,100,3
12/31/2013,Belgium,BE,8,50,16,3,33,7,5,60,9
12/31/2013,Brazil,BR,388,42,3562,362,43,3495,26,35,67
12/31/2013,Canada,CA,27,59,67,20,55,57,7,71,10
12/31/2013,Chile,CL,1,0,5,,,,1,0,5
12/31/2013,China,CN,3,0,103,1,0,95,2,0,8
12/31/2013,Colombia,CO,4,0,7,2,0,5,2,0,2
12/31/2013,Cook Islands,CK,2,50,3,2,50,3,,,
12/31/2013,Denmark,DK,4,0,5,2,0,3,2,0,2
12/31/2013,Ecuador,EC,2,0,7,,,,2,0,7
12/31/2013,Finland,FI,3,0,4,1,0,1,2,0,3
12/31/2013,France,FR,88,43,213,63,54,179,25,16,34
12/31/2013,Georgia,GE,1,0,1,,,,1,0,1
12/31/2013,Germany,DE,164,56,858,116,51,574,48,69,284
12/31/2013,Greece,GR,6,83,22,3,100,4,3,67,18
12/31/2013,Guatemala,GT,1,100,1,,,,1,100,1
12/31/2013,Hong Kong,HK,1,0,3,,,,1,0,3
12/31/2013,India,IN,154,27,540,21,52,118,133,23,422
12/31/2013,Indonesia,ID,4,25,10,1,0,1,3,33,9
12/31/2013,Ireland,IE,4,50,9,2,100,7,2,0,2
12/31/2013,Israel,IL,19,42,64,16,50,60,3,0,4
12/31/2013,Italy,IT,65,65,1200,54,69,1189,11,45,11
12/31/2013,Japan,JP,41,49,590,29,66,538,12,8,52
12/31/2013,Kazakhstan,KZ,1,100,1,,,,1,100,1
12/31/2013,Macedonia [FYROM],MK,1,0,1,,,,1,0,1
12/31/2013,Malaysia,MY,7,43,36,,,,7,43,36
12/31/2013,Mexico,MX,6,17,6,5,20,5,1,0,1
12/31/2013,Monaco,MC,2,100,30,,,,2,100,30
12/31/2013,Netherlands,NL,12,33,30,12,33,30,,,
12/31/2013,New Zealand,NZ,2,50,2,,,,2,50,2
12/31/2013,Nigeria,NG,2,0,3,,,,2,0,3
12/31/2013,Norway,NO,2,50,20,1,0,4,1,100,16
12/31/2013,Pakistan,PK,4,25,5,1,0,1,3,33,4
12/31/2013,Panama,PA,1,0,1,1,0,1,,,
12/31/2013,Peru,PE,3,0,3,,,,3,0,3
12/31/2013,Philippines,PH,2,50,20,,,,2,50,20
12/31/2013,Poland,PL,4,75,6,3,100,5,1,0,1
12/31/2013,Portugal,PT,2,100,2,1,100,1,1,100,1
12/31/2013,Qatar,QA,1,0,1,,,,1,0,1
12/31/2013,Romania,RO,8,0,14,6,0,12,2,0,2
12/31/2013,Russia,RU,324,81,338,3,100,4,321,80,334
12/31/2013,Saudi Arabia,SA,1,100,1,,,,1,100,1
12/31/2013,Serbia,RS,1,100,2,,,,1,100,2
12/31/2013,Singapore,SG,3,33,6,1,0,2,2,50,4
12/31/2013,Slovakia,SK,1,0,3,,,,1,0,3
12/31/2013,Slovenia,SI,1,0,1,1,0,1,,,
12/31/2013,South Africa,ZA,1,0,33,,,,1,0,33
12/31/2013,South Korea,KR,48,50,132,2,50,34,46,50,98
12/31/2013,Spain,ES,68,18,130,27,26,60,41,12,70
12/31/2013,Sri Lanka,LK,1,0,1,,,,1,0,1
12/31/2013,Sweden,SE,2,0,2,2,0,2,,,
12/31/2013,Switzerland,CH,9,67,16,9,67,16,,,
12/31/2013,Taiwan,TW,14,14,33,2,50,11,12,8,22
12/31/2013,Thailand,TH,11,27,322,,,,11,27,322
12/31/2013,Turkey,TR,895,17,1803,172,38,734,723,12,1069
12/31/2013,Ukraine,UA,7,86,8,,,,7,86,8
12/31/2013,United Arab Emirates,AE,2,100,3,2,100,3,,,
12/31/2013,United Kingdom,GB,132,45,366,59,42,172,73,47,194
12/31/2013,United States,US,481,46,3667,399,51,3505,82,23,162
12/31/2013,Venezuela,VE,1,0,1,,,,1,0,1
6/30/2014,Afghanistan,AF,3,67,5,,,,3,67,5
6/30/2014,Argentina,AR,23,65,110,21,71,108,2,0,2
6/30/2014,Australia,AU,30,33,88,12,17,61,18,44,27
6/30/2014,Bangladesh,BD,3,33,25,,,,3,33,25
6/30/2014,Belarus,BY,1,0,1,1,0,1,,,
6/30/2014,Belgium,BE,6,50,9,,,,6,50,9
6/30/2014,Bolivia,BO,1,0,2,1,0,2,,,
6/30/2014,Bosnia and Herzegovina,BA,1,0,5,,,,1,0,5
6/30/2014,Brazil,BR,342,71,1244,329,73,1227,13,23,17
6/30/2014,Bulgaria,BG,1,0,6,,,,1,0,6
6/30/2014,Canada,CA,32,59,98,21,43,67,11,91,31
6/30/2014,Chile,CL,1,0,1,1,0,1,,,
6/30/2014,China,CN,23,61,258,3,0,13,20,70,245
6/30/2014,Colombia,CO,3,0,12,1,0,1,2,0,11
6/30/2014,Dominican Republic,DO,1,0,4,,,,1,0,4
6/30/2014,Ecuador,EC,1,0,1,1,0,1,,,
6/30/2014,Egypt,EG,3,100,38,1,100,22,2,100,16
6/30/2014,El Salvador,SV,2,0,9,2,0,9,,,
6/30/2014,France,FR,109,48,902,79,63,828,30,7,74
6/30/2014,Germany,DE,151,62,584,99,76,453,52,37,131
6/30/2014,Greece,GR,12,83,61,9,100,56,3,33,5
6/30/2014,Guatemala,GT,1,0,1,,,,1,0,1
6/30/2014,Hong Kong,HK,4,25,13,,,,4,25,13
6/30/2014,India,IN,295,8,535,9,11,9,286,8,526
6/30/2014,Indonesia,ID,2,0,2,1,0,1,1,0,1
6/30/2014,Ireland,IE,1,0,2,,,,1,0,2
6/30/2014,Israel,IL,35,26,90,33,27,85,2,0,5
6/30/2014,Italy,IT,95,66,3888,79,76,3852,16,19,36
6/30/2014,Japan,JP,38,58,149,30,70,129,8,13,20
6/30/2014,Malaysia,MY,1,100,1,,,,1,100,1
6/30/2014,Mexico,MX,10,10,13,2,0,3,8,13,10
6/30/2014,Monaco,MC,1,100,1,1,100,1,,,
6/30/2014,Mongolia,MN,1,0,2,,,,1,0,2
6/30/2014,Morocco,MA,2,0,6,,,,2,0,6
6/30/2014,Netherlands,NL,24,63,119,24,63,119,,,
6/30/2014,New Zealand,NZ,2,50,2,,,,2,50,2
6/30/2014,Nigeria,NG,1,0,1,,,,1,0,1
6/30/2014,Pakistan,PK,1,0,2,,,,1,0,2
6/30/2014,Panama,PA,1,0,1,,,,1,0,1
6/30/2014,Peru,PE,5,0,12,1,0,1,4,0,11
6/30/2014,Poland,PL,7,29,20,6,17,19,1,100,1
6/30/2014,Portugal,PT,2,50,21,2,50,21,,,
6/30/2014,Romania,RO,1,0,11,,,,1,0,11
6/30/2014,Russia,RU,745,91,805,17,76,48,728,92,757
6/30/2014,San Marino,SM,1,0,2,1,0,2,,,
6/30/2014,Singapore,SG,2,50,3,1,100,2,1,0,1
6/30/2014,South Africa,ZA,2,0,3,2,0,3,,,
6/30/2014,South Korea,KR,81,68,1885,6,83,14,75,67,1871
6/30/2014,Spain,ES,46,33,79,27,37,54,19,26,25
6/30/2014,Sri Lanka,LK,1,0,1,,,,1,0,1
6/30/2014,Sweden,SE,2,50,81,1,0,1,1,100,80
6/30/2014,Switzerland,CH,14,64,402,12,75,400,2,0,2
6/30/2014,Taiwan,TW,10,30,27,2,100,2,8,13,25
6/30/2014,Thailand,TH,18,56,73,,,,18,56,73
6/30/2014,Turkey,TR,487,32,2284,152,38,572,335,30,1712
6/30/2014,Ukraine,UA,3,0,14,1,0,1,2,0,13
6/30/2014,United Arab Emirates,AE,13,85,23,2,100,3,11,82,20
6/30/2014,United Kingdom,GB,89,51,322,31,61,222,58,45,100
6/30/2014,United States,US,525,50,5799,446,53,5457,79,33,342
6/30/2014,Uruguay,UY,1,0,14,1,0,14,,,
6/30/2014,Vatican City,VA,1,100,1,1,100,1,,,
6/30/2014,Venezuela,VE,1,0,1,,,,1,0,1
6/30/2014,Vietnam,VN,1,0,1,,,,1,0,1
12/31/2014,Afghanistan,AF,2,0,2,,,,2,0,2
12/31/2014,Argentina,AR,20,75,722,18,83,720,2,0,2
12/31/2014,Australia,AU,28,32,50,15,27,32,13,38,18
12/31/2014,Austria,AT,3,33,3,2,50,2,1,0,1
12/31/2014,Belgium,BE,6,17,28,2,50,3,4,0,25
12/31/2014,Bolivia,BO,1,100,3,1,100,3,,,
12/31/2014,Brazil,BR,527,58,2306,514,59,2273,13,38,33
12/31/2014,Canada,CA,48,63,203,16,38,163,32,75,40
12/31/2014,Chile,CL,1,100,2,1,100,2,,,
12/31/2014,China,CN,5,80,46,,,,5,80,46
12/31/2014,Colombia,CO,7,14,298,4,25,295,3,0,3
12/31/2014,Croatia,HR,1,0,15,1,0,15,,,
12/31/2014,Czech Republic,CZ,1,0,1,,,,1,0,1
12/31/2014,Denmark,DK,2,50,3,1,0,2,1,100,1
12/31/2014,Dominican Republic,DO,1,0,1,1,0,1,,,
12/31/2014,Ecuador,EC,3,0,3,1,0,1,2,0,2
12/31/2014,Egypt,EG,1,0,1,,,,1,0,1
12/31/2014,Finland,FI,1,100,1,1,100,1,,,
12/31/2014,France,FR,167,95,2925,159,97,1259,8,38,1666
12/31/2014,Georgia,GE,1,0,1,,,,1,0,1
12/31/2014,Germany,DE,36,67,95,13,54,44,23,74,51
12/31/2014,Greece,GR,5,40,44,3,33,42,2,50,2
12/31/2014,Guatemala,GT,3,67,17,,,,3,67,17
12/31/2014,Hong Kong,HK,5,20,24,2,50,21,3,0,3
12/31/2014,Hungary,HU,2,50,2,2,50,2,,,
12/31/2014,India,IN,253,9,624,8,25,14,245,8,610
12/31/2014,Indonesia,ID,7,86,71,,,,7,86,71
12/31/2014,Ireland,IE,3,33,13,,,,3,33,13
12/31/2014,Israel,IL,52,44,168,45,42,145,7,57,23
12/31/2014,Italy,IT,67,84,1399,56,89,1387,11,55,12
12/31/2014,Japan,JP,74,46,1181,62,50,1168,12,25,13
12/31/2014,Kazakhstan,KZ,1,0,1,,,,1,0,1
12/31/2014,Lithuania,LT,2,0,2,1,0,1,1,0,1
12/31/2014,Mexico,MX,15,0,18,1,0,1,14,0,17
12/31/2014,Mongolia,MN,4,0,14,,,,4,0,14
12/31/2014,Montenegro,ME,6,0,12,,,,6,0,12
12/31/2014,Netherlands,NL,6,33,11,5,40,8,1,0,3
12/31/2014,New Zealand,NZ,9,67,18,6,67,12,3,67,6
12/31/2014,Oman,OM,1,100,8,,,,1,100,8
12/31/2014,Pakistan,PK,1,0,1,1,0,1,,,
12/31/2014,Panama,PA,4,0,4,4,0,4,,,
12/31/2014,Peru,PE,5,0,6,,,,5,0,6
12/31/2014,Philippines,PH,4,100,6,2,100,4,2,100,2
12/31/2014,Poland,PL,3,67,4,1,0,2,2,100,2
12/31/2014,Portugal,PT,2,50,3,1,100,2,1,0,1
12/31/2014,Qatar,QA,2,0,2,,,,2,0,2
12/31/2014,Romania,RO,5,0,15,,,,5,0,15
12/31/2014,Russia,RU,1031,72,1087,10,50,24,1021,72,1063
12/31/2014,Serbia,RS,1,0,6,1,0,6,,,
12/31/2014,Slovakia,SK,1,0,1,,,,1,0,1
12/31/2014,South Africa,ZA,4,0,21,4,0,21,,,
12/31/2014,South Korea,KR,110,88,10701,2,100,2,108,88,10699
12/31/2014,Spain,ES,26,54,41,14,50,25,12,58,16
12/31/2014,Sri Lanka,LK,1,0,1,,,,1,0,1
12/31/2014,Switzerland,CH,2,50,6,2,50,6,,,
12/31/2014,Taiwan,TW,37,22,125,33,24,110,4,0,15
12/31/2014,Thailand,TH,21,57,75,1,0,1,20,60,74
12/31/2014,Turkey,TR,370,38,1249,247,32,861,123,50,388
12/31/2014,Ukraine,UA,18,6,172,2,0,4,16,6,168
12/31/2014,United Arab Emirates,AE,28,86,52,,,,28,86,52
12/31/2014,United Kingdom,GB,60,33,167,22,32,112,38,34,55
12/31/2014,United States,US,406,58,2030,338,58,1818,68,60,212
12/31/2014,Uruguay,UY,1,0,13,1,0,13,,,
12/31/2014,Venezuela,VE,2,50,3,1,100,2,1,0,1
12/31/2014,Vietnam,VN,1,0,3,,,,1,0,3
6/30/2015,Afghanistan,AF,1,100,1,,,,1,100,1
6/30/2015,Argentina,AR,38,84,409,38,84,409,,,
6/30/2015,Australia,AU,15,60,49,11,64,37,4,50,12
6/30/2015,Belgium,BE,1,100,1,1,100,1,,,
6/30/2015,Brazil,BR,286,54,2018,279,54,2008,7,29,10
6/30/2015,Canada,CA,77,81,464,23,83,394,54,80,70
6/30/2015,China,CN,9,78,224,2,0,4,7,100,220
6/30/2015,Colombia,CO,2,0,9,,,,2,0,9
6/30/2015,Czech Republic,CZ,3,0,3,2,0,2,1,0,1
6/30/2015,Denmark,DK,3,33,13,1,100,10,2,0,3
6/30/2015,Estonia,EE,1,100,1,1,100,1,,,
6/30/2015,France,FR,157,89,9589,133,95,9548,24,50,41
6/30/2015,Germany,DE,87,79,1423,62,84,550,25,68,873
6/30/2015,Greece,GR,3,100,11,2,100,10,1,100,1
6/30/2015,Guyana,GY,1,0,1,1,0,1,,,
6/30/2015,Hong Kong,HK,3,33,23,2,0,3,1,100,20
6/30/2015,Hungary,HU,2,100,2,1,100,1,1,100,1
6/30/2015,India,IN,227,8,1037,17,41,490,210,6,547
6/30/2015,Indonesia,ID,8,63,90,,,,8,63,90
6/30/2015,Ireland,IE,2,0,2,1,0,1,1,0,1
6/30/2015,Israel,IL,67,69,190,38,71,95,29,66,95
6/30/2015,Italy,IT,99,87,2128,79,96,2070,20,50,58
6/30/2015,Japan,JP,93,58,1612,71,65,1452,22,36,160
6/30/2015,Kazakhstan,KZ,3,0,81,,,,3,0,81
6/30/2015,Kenya,KE,1,100,1,1,100,1,,,
6/30/2015,Lithuania,LT,1,100,2,1,100,2,,,
6/30/2015,Macau,MO,3,67,3,,,,3,67,3
6/30/2015,Malaysia,MY,1,0,1,,,,1,0,1
6/30/2015,Mexico,MX,4,0,21,,,,4,0,21
6/30/2015,Netherlands,NL,15,67,174,14,71,170,1,0,4
6/30/2015,New Zealand,NZ,6,67,28,5,60,27,1,100,1
6/30/2015,Norway,NO,1,0,3,1,0,3,,,
6/30/2015,Peru,PE,5,20,7,1,100,1,4,0,6
6/30/2015,Philippines,PH,1,100,6,,,,1,100,6
6/30/2015,Poland,PL,8,50,9,3,67,4,5,40,5
6/30/2015,Portugal,PT,3,67,48,3,67,48,,,
6/30/2015,Romania,RO,2,0,9,2,0,9,,,
6/30/2015,Russia,RU,1191,62,2418,10,60,1213,1181,62,1205
6/30/2015,Singapore,SG,1,0,4,1,0,4,,,
6/30/2015,Slovakia,SK,1,100,2,,,,1,100,2
6/30/2015,Slovenia,SI,1,100,1,1,100,1,,,
6/30/2015,South Africa,ZA,1,0,1,1,0,1,,,
6/30/2015,South Korea,KR,141,65,5693,,,,141,65,5693
6/30/2015,Spain,ES,15,73,2475,10,80,2467,5,60,8
6/30/2015,Sweden,SE,3,0,47,2,0,46,1,0,1
6/30/2015,Switzerland,CH,3,67,3,2,100,2,1,0,1
6/30/2015,Taiwan,TW,16,44,59,11,64,54,5,0,5
6/30/2015,Turkey,TR,433,27,1440,324,26,1178,109,28,262
6/30/2015,Ukraine,UA,5,20,10,1,100,6,4,0,4
6/30/2015,United Arab Emirates,AE,27,81,27,,,,27,81,27
6/30/2015,United Kingdom,GB,102,80,878,10,40,16,92,85,862
6/30/2015,United States,US,286,81,1546,199,86,1294,87,71,252
6/30/2015,Vietnam,VN,1,0,1,,,,1,0,1
6/30/2015,Yemen,YE,1,0,1,,,,1,0,1